
{
	"cmc" : 
	[
		[ 0, 3, 88, 972313 ],
		[ 0.9708986878395081, 0.9818161129951477, 0.9918314814567566, 1.0 ]
	],
	"roc" : 
	[
		
		[
			0.0,
			1.028475438147325e-08,
			3.085426314441975e-08,
			2.674036068128771e-07,
			1.069614427251508e-06,
			8.011823410924990e-06,
			0.0003234863688703626,
			1.0
		],
		
		[
			0.9215109944343567,
			0.9381747841835022,
			0.9535316228866577,
			0.9636464118957520,
			0.9736617803573608,
			0.9836629033088684,
			0.9936640262603760,
			1.0
		]
	],
	"traditional_cmc" : 
	[
		[ 0, 3, 73, 972392 ],
		
		[
			0.9726886749267578,
			0.9828130006790161,
			0.9928466081619263,
			1.000005364418030
		]
	]
}
