
{
	"cmc" : 
	[
		[ 0, 13, 966804 ],
		[ 0.980616033077240, 0.9906746745109558, 1.0 ]
	],
	"roc" : 
	[
		
		[
			0.0,
			1.034335816996190e-08,
			4.137343267984761e-08,
			5.171678907345267e-08,
			7.240350896609016e-08,
			1.137769416459378e-07,
			1.965237999002056e-07,
			1.841117750700505e-06,
			0.001009718631394207,
			1.0
		],
		
		[
			0.8872767686843872,
			0.9050645828247070,
			0.92467862367630,
			0.9406545758247375,
			0.9531793594360352,
			0.9637916684150696,
			0.9753674268722534,
			0.9853757619857788,
			0.9953840970993042,
			1.0
		]
	],
	"traditional_cmc" : 
	[
		[ 0, 12, 966883 ],
		[ 0.9822201728820801, 0.9923146963119507, 1.000002264976501 ]
	]
}
