
{
	"cmc" : 
	[
		[ 0, 2, 21, 33768, 972313 ],
		
		[
			0.9663811326026917,
			0.9777318239212036,
			0.9878324270248413,
			0.9978335499763489,
			1.0
		]
	],
	"roc" : 
	[
		
		[
			0.0,
			6.170852628883949e-08,
			1.851255859719458e-07,
			7.816413472028216e-07,
			4.607570190273691e-06,
			5.529083864530548e-05,
			1.0
		],
		
		[
			0.9389561414718628,
			0.9498948454856873,
			0.9601233005523682,
			0.9702096581459045,
			0.9802108407020569,
			0.9902119636535645,
			1.0
		]
	],
	"traditional_cmc" : 
	[
		[ 0, 2, 19, 12848, 972392 ],
		
		[
			0.9667171835899353,
			0.9784176945686340,
			0.9884207844734192,
			0.9984578490257263,
			1.000004887580872
		]
	]
}
