
{
	"cmc" : 
	[
		[ 0, 2, 24, 3090, 972313 ],
		
		[
			0.9647331833839417,
			0.9761336445808411,
			0.9861347675323486,
			0.9961359500885010,
			1.0
		]
	],
	"roc" : 
	[
		
		[0.0,			1.028475438147325e-08,			3.085426314441975e-08,			2.262646034978388e-07,			9.976212140827556e-07,			6.757083610864356e-06,			0.0001522452221252024,			1.0		],
		
		[0.9281878471374512,			0.9383026361465454,			0.9504063129425049,			0.9605637192726135,			0.9707068800926208,			0.9807222485542297,			0.9907233715057373,			1.0]
	],
	"traditional_cmc" : 
	[
		[ 0, 2, 27, 9900, 972392 ],
		
		[
			0.9671718478202820,
			0.9777811169624329,
			0.9878144264221191,
			0.9978220462799072,
			1.000006318092346
		]
	]
}
